epoch,dice_coef,iou,loss,lr,precision,recall,val_dice_coef,val_iou,val_loss,val_precision,val_recall
0,0.0038747284561395645,0.0019523503724485636,0.17833879590034485,1e-04,0.0013338979333639145,0.007929107174277306,0.006573510356247425,0.00332166301086545,0.20200921595096588,0.0,0.0
1,0.003760643070563674,0.0018939150031656027,0.07597064971923828,1e-04,0.0,0.0,0.0070727220736444,0.003577727824449539,0.2159811109304428,0.0,0.0
2,0.00365777057595551,0.0018414088990539312,0.055754318833351135,1e-04,0.0,0.0,0.005726655479520559,0.002887215232476592,0.05710326135158539,0.0,0.0
3,0.003527758875861764,0.00177523004822433,0.04319209232926369,1e-04,0.005657708737999201,2.156113441742491e-05,0.005437843967229128,0.0027398678939789534,0.04519248381257057,0.0,0.0
4,0.003385437186807394,0.0017028875881806016,0.035956233739852905,1e-04,0.0,0.0,0.00503553356975317,0.002535330830141902,0.041077449917793274,0.0,0.0
